{
    "OSA": {
        "CENTER": [
            0,
            0
        ],
        "RECT": [
            -1250,
            500,
            1250,
            -5500
        ]
    },
    "OSA_AMBIENT": {
        "CENTER": [
            -4037.530869281119,
            -2314.405133027741
        ],
        "RECT": [
            -5287.530869281121,
            685.59486697225,
            -2787.530869281117,
            -5314.4051330277325
        ]
    },
    "OSA_CRYO": {
        "CENTER": [
            -2753.824928357109,
            -1000.5925262721271
        ],
        "RECT": [
            -5753.824928357102,
            249.5951432086572,
            246.17507164288418,
            -2250.7801957529114
        ]
    },
    "SAMPLE_GONI": {
        "CENTER": [
            1074.4988974176063,
            149.48514300916003
        ],
        "RADIUS": 1000,
        "RECT": [
            -425.5011025823933,
            549.4851430091601,
            2574.498897417606,
            -250.51485699084003
        ]
    },
    "SAMPLE_STANDARD": {
        "CENTER": [
            -585.4010826882059,
            2512.281865829873
        ],
        "RADIUS": 1250,
        "RECT": [
            -1400.4010826882054,
            2652.281865829873,
            229.5989173117938,
            2372.281865829873
        ]
    },
    "SMPL_HLDR": {
        "CENTER": [
            0,
            2500.0
        ],
        "RADIUS": 1250,
        "RECT": [
            -7000,
            7000,
            7000,
            -2000
        ]
    },
    "fpath": "C:\\tmp\\mar15\\pyStxm\\cls\\plotWidgets\\settings.json"
}