{
    "OSA": {
        "CENTER": [
            0,
            0
        ],
        "RECT": [
            -1250,
            500,
            1250,
            -5500
        ]
    },
    "OSA_AMBIENT": {
        "CENTER": [
            -4037.530869281119,
            -2314.405133027741
        ],
        "RECT": [
            -5287.530869281121,
            685.59486697225,
            -2787.530869281117,
            -5314.4051330277325
        ]
    },
    "OSA_CRYO": {
        "CENTER": [
            -3207.6928996052975,
            -185.82628369790405
        ],
        "RECT": [
            -6207.692899605292,
            1064.36138578288,
            -207.69289960530273,
            -1436.013953178688
        ]
    },
    "PATTERN": {
        "CENTER": [
            2.8571183052117988,
            2.560338967652446
        ]
    },
    "SAMPLE_GONI": {
        "CENTER": [
            -1224.2552581999116,
            -332.609833937107
        ],
        "RADIUS": 1000,
        "RECT": [
            -2724.2552581999116,
            267.39016606289306,
            275.7447418000884,
            -932.609833937107
        ]
    },
    "SAMPLE_STANDARD": {
        "CENTER": [
            -585.4010826882059,
            2512.281865829873
        ],
        "RADIUS": 1250,
        "RECT": [
            -1400.4010826882054,
            2652.281865829873,
            229.5989173117938,
            2372.281865829873
        ]
    },
    "SMPL_HLDR": {
        "CENTER": [
            0,
            2500.0
        ],
        "RADIUS": 1250,
        "RECT": [
            -7000,
            7000,
            7000,
            -2000
        ]
    },
    "fpath": "C:\\controls\\github\\pyStxm3\\cls\\plotWidgets\\settings.json"
}