{
    "OSA": {
        "CENTER": [
            0,
            0
        ],
        "RECT": [
            -1250,
            500,
            1250,
            -5500
        ]
    },
    "OSA_AMBIENT": {
        "CENTER": [
            -1424.1332052908394,
            -2553.3727229390997
        ],
        "RECT": [
            -2674.1332052908424,
            446.62727706089095,
            -174.13320529083646,
            -5553.372722939091
        ]
    },
    "OSA_CRYO": {
        "CENTER": [
            -2758.438378337623,
            90.45798741327621
        ],
        "RECT": [
            -5758.438378337618,
            1340.6456568940641,
            241.5616216623721,
            -1159.7296820675117
        ]
    },
    "PATTERN": {
        "CENTER": [
            1.788009533371206,
            -0.5212224190633385
        ]
    },
    "PATTERN GENERATOR SCAN": {
        "CENTER": [
            1.8818181818181863,
            2.4481707317073145
        ]
    },
    "SAMPLE_GONI": {
        "CENTER": [
            259.2744980611319,
            1085.257571853343
        ],
        "RADIUS": 1000,
        "RECT": [
            -1240.725501938868,
            1685.257571853343,
            1759.274498061132,
            485.2575718533428
        ]
    },
    "SAMPLE_STANDARD": {
        "CENTER": [
            2625.456639982701,
            3488.1886485591613
        ],
        "RADIUS": 1250,
        "RECT": [
            1810.4566399827008,
            3628.188648559162,
            3440.456639982701,
            3348.1886485591604
        ]
    },
    "SMPL_HLDR": {
        "CENTER": [
            0,
            2500.0
        ],
        "RADIUS": 1250,
        "RECT": [
            -7000,
            7000,
            7000,
            -2000
        ]
    },
    "fpath": "C:\\controls\\git_sandbox\\pyStxm3\\cls\\plotWidgets\\uhv_settings.json"
}