{
    "OSA": {
        "CENTER": [
            0,
            0
        ],
        "RECT": [
            -1250,
            500,
            1250,
            -5500
        ]
    },
    "OSA_AMBIENT": {
        "CENTER": [
            -1424.1332052908394,
            -2553.3727229390997
        ],
        "RECT": [
            -2674.1332052908424,
            446.62727706089095,
            -174.13320529083646,
            -5553.372722939091
        ]
    },
    "OSA_CRYO": {
        "CENTER": [
            -1949.9736216475405,
            -1398.4162660222391
        ],
        "RECT": [
            -4949.973621647534,
            -148.22859654145077,
            1050.0263783524529,
            -2648.6039355030275
        ]
    },
    "PATTERN": {
        "CENTER": [
            1.788009533371206,
            -0.5212224190633385
        ]
    },
    "PATTERN GENERATOR SCAN": {
        "CENTER": [
            1.8818181818181863,
            2.4481707317073145
        ]
    },
    "SAMPLE_GONI": {
        "CENTER": [
            67.56742053460948,
            -846.6068156455117
        ],
        "RADIUS": 1000,
        "RECT": [
            -1432.4325794653905,
            -246.60681564551203,
            1567.5674205346095,
            -1446.6068156455115
        ]
    },
    "SAMPLE_STANDARD": {
        "CENTER": [
            2625.456639982701,
            3488.1886485591613
        ],
        "RADIUS": 1250,
        "RECT": [
            1810.4566399827008,
            3628.188648559162,
            3440.456639982701,
            3348.1886485591604
        ]
    },
    "SMPL_HLDR": {
        "CENTER": [
            0,
            2500.0
        ],
        "RADIUS": 1250,
        "RECT": [
            -7000,
            7000,
            7000,
            -2000
        ]
    },
    "fpath": "C:\\controls\\git_sandbox\\pyStxm3\\cls\\plotWidgets\\uhv_settings.json"
}