{
    "OSA": {
        "CENTER": [
            0,
            0
        ],
        "RECT": [
            -1250,
            500,
            1250,
            -5500
        ]
    },
    "OSA_AMBIENT": {
        "CENTER": [
            -1424.1332052908394,
            -2553.3727229390997
        ],
        "RECT": [
            -2674.1332052908424,
            446.62727706089095,
            -174.13320529083646,
            -5553.372722939091
        ]
    },
    "OSA_CRYO": {
        "CENTER": [
            -3643.523016665165,
            693.1000400696898
        ],
        "RECT": [
            -6643.523016665164,
            1943.2877095504814,
            -643.5230166651661,
            -557.0876294111017
        ]
    },
    "PATTERN": {
        "CENTER": [
            1.788009533371206,
            -0.5212224190633385
        ]
    },
    "PATTERN GENERATOR SCAN": {
        "CENTER": [
            1.8818181818181863,
            2.4481707317073145
        ]
    },
    "SAMPLE_GONI": {
        "CENTER": [
            -828.4868474368205,
            -287.1495593449406
        ],
        "RADIUS": 1000,
        "RECT": [
            -2328.4868474368204,
            312.8504406550594,
            671.5131525631793,
            -887.1495593449406
        ]
    },
    "SAMPLE_STANDARD": {
        "CENTER": [
            2625.456639982701,
            3488.1886485591613
        ],
        "RADIUS": 1250,
        "RECT": [
            1810.4566399827008,
            3628.188648559162,
            3440.456639982701,
            3348.1886485591604
        ]
    },
    "SMPL_HLDR": {
        "CENTER": [
            0,
            2500.0
        ],
        "RADIUS": 1250,
        "RECT": [
            -7000,
            7000,
            7000,
            -2000
        ]
    },
    "fpath": "C:\\controls\\github\\pyStxm3\\cls\\plotWidgets\\uhv_settings.json"
}