{
    "OSA": {
        "CENTER": [
            0,
            0
        ],
        "RECT": [
            -1250,
            500,
            1250,
            -5500
        ]
    },
    "OSA_AMBIENT": {
        "CENTER": [
            -1424.1332052908394,
            -2553.3727229390997
        ],
        "RECT": [
            -2674.1332052908424,
            446.62727706089095,
            -174.13320529083646,
            -5553.372722939091
        ]
    },
    "OSA_CRYO": {
        "CENTER": [
            -2714.5000400613512,
            1001.656958466951
        ],
        "RECT": [
            -5714.5000400613435,
            2251.8446279477384,
            285.4999599386411,
            -248.53071101383642
        ]
    },
    "SAMPLE_GONI": {
        "CENTER": [
            218.31202885382072,
            117.19040966954734
        ],
        "RADIUS": 1000,
        "RECT": [
            -1281.6879711461793,
            717.1904096695473,
            1718.3120288538207,
            -482.80959033045264
        ]
    },
    "SAMPLE_STANDARD": {
        "CENTER": [
            2625.456639982701,
            3488.1886485591613
        ],
        "RADIUS": 1250,
        "RECT": [
            1810.4566399827008,
            3628.188648559162,
            3440.456639982701,
            3348.1886485591604
        ]
    },
    "SMPL_HLDR": {
        "CENTER": [
            0,
            2500.0
        ],
        "RADIUS": 1250,
        "RECT": [
            -7000,
            7000,
            7000,
            -2000
        ]
    },
    "fpath": "C:\\controls\\git_sandbox\\pyStxm\\cls\\plotWidgets\\uhv_settings.json"
}