{
    "OSA": {
        "CENTER": [
            0,
            0
        ],
        "RECT": [
            -1250,
            500,
            1250,
            -5500
        ]
    },
    "OSA_AMBIENT": {
        "CENTER": [
            -1424.1332052908394,
            -2553.3727229390997
        ],
        "RECT": [
            -2674.1332052908424,
            446.62727706089095,
            -174.13320529083646,
            -5553.372722939091
        ]
    },
    "OSA_CRYO": {
        "CENTER": [
            -1604.6352262433406,
            -768.9634355709323
        ],
        "RECT": [
            -4604.635226243339,
            481.2242339098591,
            1395.364773756658,
            -2019.1511050517238
        ]
    },
    "PATTERN": {
        "CENTER": [
            1.788009533371206,
            -0.5212224190633385
        ]
    },
    "PATTERN GENERATOR SCAN": {
        "CENTER": [
            1.8818181818181863,
            2.4481707317073145
        ]
    },
    "SAMPLE_GONI": {
        "CENTER": [
            -450.08574923767014,
            -1353.0508699934376
        ],
        "RADIUS": 1000,
        "RECT": [
            -1950.08574923767,
            -753.0508699934376,
            1049.9142507623296,
            -1953.0508699934376
        ]
    },
    "SAMPLE_STANDARD": {
        "CENTER": [
            2625.456639982701,
            3488.1886485591613
        ],
        "RADIUS": 1250,
        "RECT": [
            1810.4566399827008,
            3628.188648559162,
            3440.456639982701,
            3348.1886485591604
        ]
    },
    "SMPL_HLDR": {
        "CENTER": [
            0,
            2500.0
        ],
        "RADIUS": 1250,
        "RECT": [
            -7000,
            7000,
            7000,
            -2000
        ]
    },
    "fpath": "C:\\controls\\github\\pyStxm3\\cls\\plotWidgets\\uhv_settings.json"
}